"CCR_CDN1","domain_name","CRConfig.xml","cdn1.kabletown.net"
"EDGE1_CDN1_520","domain_name","CRConfig.xml","cdn1.kabletown.net"
"CCR_CDN1","GeolocationURL","CRConfig.xml","http://server.kabletown.net:8080/GeoLiteCity.dat.gz"
"CCR_CDN2","GeolocationURL","CRConfig.xml","http://server.kabletown.net:8080/GeoLiteCity.dat.gz"
"HOSTMON","GeolocationURL","CRConfig.xml","http://server.kabletown.net:8080/GeoLiteCity.dat.gz"
"CCR_CDN1","CacheHealthTimeout","CRConfig.xml","70"
"CCR_CDN2","CacheHealthTimeout","CRConfig.xml","70"
"HOSTMON","CacheHealthTimeout","CRConfig.xml","70"
"CCR_CDN1","CoverageZoneMapURL","CRConfig.xml","http://tools.cdnl.kabletown.net/logs/production/reports/czf/current/kabletown_cdn_czf.xml"
"CCR_CDN2","CoverageZoneMapURL","CRConfig.xml","http://tools.cdnl.kabletown.net/logs/production/reports/czf/current/kabletown_cdn_czf.xml"
"HOSTMON","CoverageZoneMapURL","CRConfig.xml","http://tools.cdnl.kabletown.net/logs/production/reports/czf/current/kabletown_cdn_czf.xml"
"CCR_CDN1","CoverageZoneMapRefreshPeriodHours","CRConfig.xml","24"
"CCR_CDN2","CoverageZoneMapRefreshPeriodHours","CRConfig.xml","24"
"HOSTMON","CoverageZoneMapRefreshPeriodHours","CRConfig.xml","24"
"EDGE1_CDN2_520","Drive_Prefix","storage.config","/dev/sd"
"EDGE1_CDN1_520","Drive_Prefix","storage.config","/dev/sd"
"EDGE1_CDN2_520","Drive_Letters","storage.config","b,c,d,e,f,g,h,i,j,k,l,m,n,o,p,q,r,s,t,u,v,w,x,y"
"EDGE1_CDN1_520","Drive_Letters","storage.config","b,c,d,e,f,g,h,i,j,k,l,m,n,o,p,q,r,s,t,u,v,w,x,y"
"EDGE1_CDN2_520","CONFIG proxy.config.proxy_name","records.config","STRING __HOSTNAME__"
"EDGE1_CDN1_520","CONFIG proxy.config.proxy_name","records.config","STRING __HOSTNAME__"
"EDGE1_CDN2_520","CONFIG proxy.config.config_dir","records.config","STRING etc/trafficserver"
"EDGE1_CDN1_520","CONFIG proxy.config.config_dir","records.config","STRING etc/trafficserver"
"EDGE1_CDN2_520","CONFIG proxy.config.proxy_binary_opts","records.config","STRING -M"
"EDGE1_CDN1_520","CONFIG proxy.config.proxy_binary_opts","records.config","STRING -M"
"EDGE1_CDN2_520","CONFIG proxy.config.env_prep","records.config","STRING example_prep.sh"
"EDGE1_CDN1_520","CONFIG proxy.config.env_prep","records.config","STRING example_prep.sh"
"EDGE1_CDN2_520","CONFIG proxy.config.temp_dir","records.config","STRING /tmp"
"EDGE1_CDN1_520","CONFIG proxy.config.temp_dir","records.config","STRING /tmp"
"EDGE1_CDN2_520","CONFIG proxy.config.alarm_email","records.config","STRING ats"
"EDGE1_CDN1_520","CONFIG proxy.config.alarm_email","records.config","STRING ats"
"EDGE1_CDN2_520","CONFIG proxy.config.syslog_facility","records.config","STRING LOG_DAEMON"
"EDGE1_CDN1_520","CONFIG proxy.config.syslog_facility","records.config","STRING LOG_DAEMON"
"EDGE1_CDN2_520","CONFIG proxy.config.output.logfile","records.config","STRING traffic.out"
"EDGE1_CDN1_520","CONFIG proxy.config.output.logfile","records.config","STRING traffic.out"
"EDGE1_CDN2_520","CONFIG proxy.config.snapshot_dir","records.config","STRING snapshots"
"EDGE1_CDN1_520","CONFIG proxy.config.snapshot_dir","records.config","STRING snapshots"
"EDGE1_CDN2_520","CONFIG proxy.config.system.mmap_max","records.config","INT 2097152"
"EDGE1_CDN1_520","CONFIG proxy.config.system.mmap_max","records.config","INT 2097152"
"EDGE1_CDN2_520","CONFIG proxy.config.exec_thread.autoconfig.scale","records.config","FLOAT 1.5"
"EDGE1_CDN1_520","CONFIG proxy.config.exec_thread.autoconfig.scale","records.config","FLOAT 1.5"
"EDGE1_CDN2_520","CONFIG proxy.config.accept_threads","records.config","INT 1"
"EDGE1_CDN1_520","CONFIG proxy.config.accept_threads","records.config","INT 1"
"EDGE1_CDN2_520","CONFIG proxy.config.admin.admin_user","records.config","STRING admin"
"EDGE1_CDN1_520","CONFIG proxy.config.admin.admin_user","records.config","STRING admin"
"EDGE1_CDN2_520","CONFIG proxy.config.admin.number_config_bak","records.config","INT 3"
"EDGE1_CDN1_520","CONFIG proxy.config.admin.number_config_bak","records.config","INT 3"
"EDGE1_CDN2_520","CONFIG proxy.config.admin.user_id","records.config","STRING ats"
"EDGE1_CDN1_520","CONFIG proxy.config.admin.user_id","records.config","STRING ats"
"EDGE1_CDN2_520","CONFIG proxy.config.admin.autoconf_port","records.config","INT 8083"
"EDGE1_CDN1_520","CONFIG proxy.config.admin.autoconf_port","records.config","INT 8083"
"EDGE1_CDN2_520","CONFIG proxy.config.process_manager.mgmt_port","records.config","INT 8084"
"EDGE1_CDN1_520","CONFIG proxy.config.process_manager.mgmt_port","records.config","INT 8084"
"EDGE1_CDN2_520","CONFIG proxy.config.alarm.bin","records.config","STRING example_alarm_bin.sh"
"EDGE1_CDN1_520","CONFIG proxy.config.alarm.bin","records.config","STRING example_alarm_bin.sh"
"EDGE1_CDN2_520","CONFIG proxy.config.alarm.abs_path","records.config","STRING NULL"
"EDGE1_CDN1_520","CONFIG proxy.config.alarm.abs_path","records.config","STRING NULL"
"EDGE1_CDN2_520","CONFIG proxy.config.http.connect_ports","records.config","STRING 443 563"
"EDGE1_CDN1_520","CONFIG proxy.config.http.connect_ports","records.config","STRING 443 563"
"EDGE1_CDN2_520","CONFIG proxy.config.http.insert_request_via_str","records.config","INT 1"
"EDGE1_CDN1_520","CONFIG proxy.config.http.insert_request_via_str","records.config","INT 1"
"EDGE1_CDN2_520","CONFIG proxy.config.http.insert_response_via_str","records.config","INT 3"
"EDGE1_CDN1_520","CONFIG proxy.config.http.insert_response_via_str","records.config","INT 3"
"EDGE1_CDN2_520","CONFIG proxy.config.http.response_server_enabled","records.config","INT 1"
"EDGE1_CDN1_520","CONFIG proxy.config.http.response_server_enabled","records.config","INT 1"
"EDGE1_CDN2_520","CONFIG proxy.config.http.insert_age_in_response","records.config","INT 1"
"EDGE1_CDN1_520","CONFIG proxy.config.http.insert_age_in_response","records.config","INT 1"
"EDGE1_CDN2_520","CONFIG proxy.config.http.enable_url_expandomatic","records.config","INT 0"
"EDGE1_CDN1_520","CONFIG proxy.config.http.enable_url_expandomatic","records.config","INT 0"
"EDGE1_CDN2_520","CONFIG proxy.config.http.no_dns_just_forward_to_parent","records.config","INT 0"
"EDGE1_CDN1_520","CONFIG proxy.config.http.no_dns_just_forward_to_parent","records.config","INT 0"
"EDGE1_CDN2_520","CONFIG proxy.config.http.uncacheable_requests_bypass_parent","records.config","INT 1"
"EDGE1_CDN1_520","CONFIG proxy.config.http.uncacheable_requests_bypass_parent","records.config","INT 1"
"EDGE1_CDN2_520","CONFIG proxy.config.http.keep_alive_enabled_in","records.config","INT 1"
"EDGE1_CDN1_520","CONFIG proxy.config.http.keep_alive_enabled_in","records.config","INT 1"
"EDGE1_CDN2_520","CONFIG proxy.config.http.keep_alive_enabled_out","records.config","INT 1"
"EDGE1_CDN1_520","CONFIG proxy.config.http.keep_alive_enabled_out","records.config","INT 1"
"EDGE1_CDN2_520","CONFIG proxy.config.http.chunking_enabled","records.config","INT 1"
"EDGE1_CDN1_520","CONFIG proxy.config.http.chunking_enabled","records.config","INT 1"
"EDGE1_CDN2_520","CONFIG proxy.config.http.send_http11_requests","records.config","INT 1"
"EDGE1_CDN1_520","CONFIG proxy.config.http.send_http11_requests","records.config","INT 1"
"EDGE1_CDN2_520","CONFIG proxy.config.http.share_server_sessions","records.config","INT 2"
"EDGE1_CDN1_520","CONFIG proxy.config.http.share_server_sessions","records.config","INT 2"
"EDGE1_CDN2_520","CONFIG proxy.config.http.origin_server_pipeline","records.config","INT 1"
"EDGE1_CDN1_520","CONFIG proxy.config.http.origin_server_pipeline","records.config","INT 1"
"EDGE1_CDN2_520","CONFIG proxy.config.http.user_agent_pipeline","records.config","INT 8"
"EDGE1_CDN1_520","CONFIG proxy.config.http.user_agent_pipeline","records.config","INT 8"
"EDGE1_CDN2_520","CONFIG proxy.config.http.referer_filter","records.config","INT 0"
"EDGE1_CDN1_520","CONFIG proxy.config.http.referer_filter","records.config","INT 0"
"EDGE1_CDN2_520","CONFIG proxy.config.http.referer_format_redirect","records.config","INT 0"
"EDGE1_CDN1_520","CONFIG proxy.config.http.referer_format_redirect","records.config","INT 0"
"EDGE1_CDN2_520","CONFIG proxy.config.http.referer_default_redirect","records.config","STRING http://www.example.com/"
"EDGE1_CDN1_520","CONFIG proxy.config.http.referer_default_redirect","records.config","STRING http://www.example.com/"
"EDGE1_CDN2_520","CONFIG proxy.config.http.parent_proxy_routing_enable","records.config","INT 1"
"EDGE1_CDN1_520","CONFIG proxy.config.http.parent_proxy_routing_enable","records.config","INT 1"
"EDGE1_CDN2_520","CONFIG proxy.config.http.parent_proxy.retry_time","records.config","INT 300"
"EDGE1_CDN1_520","CONFIG proxy.config.http.parent_proxy.retry_time","records.config","INT 300"
"EDGE1_CDN2_520","CONFIG proxy.config.http.parent_proxy.fail_threshold","records.config","INT 10"
"EDGE1_CDN1_520","CONFIG proxy.config.http.parent_proxy.fail_threshold","records.config","INT 10"
"EDGE1_CDN2_520","CONFIG proxy.config.http.parent_proxy.total_connect_attempts","records.config","INT 4"
"EDGE1_CDN1_520","CONFIG proxy.config.http.parent_proxy.total_connect_attempts","records.config","INT 4"
"EDGE1_CDN2_520","CONFIG proxy.config.http.parent_proxy.per_parent_connect_attempts","records.config","INT 2"
"EDGE1_CDN1_520","CONFIG proxy.config.http.parent_proxy.per_parent_connect_attempts","records.config","INT 2"
"EDGE1_CDN2_520","CONFIG proxy.config.http.parent_proxy.connect_attempts_timeout","records.config","INT 30"
"EDGE1_CDN1_520","CONFIG proxy.config.http.parent_proxy.connect_attempts_timeout","records.config","INT 30"
"EDGE1_CDN2_520","CONFIG proxy.config.http.forward.proxy_auth_to_parent","records.config","INT 0"
"EDGE1_CDN1_520","CONFIG proxy.config.http.forward.proxy_auth_to_parent","records.config","INT 0"
"EDGE1_CDN2_520","CONFIG proxy.config.http.keep_alive_no_activity_timeout_in","records.config","INT 115"
"EDGE1_CDN1_520","CONFIG proxy.config.http.keep_alive_no_activity_timeout_in","records.config","INT 115"
"EDGE1_CDN2_520","CONFIG proxy.config.http.keep_alive_no_activity_timeout_out","records.config","INT 120"
"EDGE1_CDN1_520","CONFIG proxy.config.http.keep_alive_no_activity_timeout_out","records.config","INT 120"
"EDGE1_CDN2_520","CONFIG proxy.config.http.transaction_no_activity_timeout_in","records.config","INT 30"
"EDGE1_CDN1_520","CONFIG proxy.config.http.transaction_no_activity_timeout_in","records.config","INT 30"
"EDGE1_CDN2_520","CONFIG proxy.config.http.transaction_no_activity_timeout_out","records.config","INT 30"
"EDGE1_CDN1_520","CONFIG proxy.config.http.transaction_no_activity_timeout_out","records.config","INT 30"
"EDGE1_CDN2_520","CONFIG proxy.config.http.transaction_active_timeout_in","records.config","INT 900"
"EDGE1_CDN1_520","CONFIG proxy.config.http.transaction_active_timeout_in","records.config","INT 900"
"EDGE1_CDN2_520","CONFIG proxy.config.http.transaction_active_timeout_out","records.config","INT 0"
"EDGE1_CDN1_520","CONFIG proxy.config.http.transaction_active_timeout_out","records.config","INT 0"
"EDGE1_CDN2_520","CONFIG proxy.config.http.accept_no_activity_timeout","records.config","INT 120"
"EDGE1_CDN1_520","CONFIG proxy.config.http.accept_no_activity_timeout","records.config","INT 120"
"EDGE1_CDN2_520","CONFIG proxy.config.http.connect_attempts_max_retries","records.config","INT 6"
"EDGE1_CDN1_520","CONFIG proxy.config.http.connect_attempts_max_retries","records.config","INT 6"
"EDGE1_CDN2_520","CONFIG proxy.config.http.connect_attempts_max_retries_dead_server","records.config","INT 3"
"EDGE1_CDN1_520","CONFIG proxy.config.http.connect_attempts_max_retries_dead_server","records.config","INT 3"
"EDGE1_CDN2_520","CONFIG proxy.config.http.connect_attempts_rr_retries","records.config","INT 3"
"EDGE1_CDN1_520","CONFIG proxy.config.http.connect_attempts_rr_retries","records.config","INT 3"
"EDGE1_CDN2_520","CONFIG proxy.config.http.connect_attempts_timeout","records.config","INT 30"
"EDGE1_CDN1_520","CONFIG proxy.config.http.connect_attempts_timeout","records.config","INT 30"
"EDGE1_CDN2_520","CONFIG proxy.config.http.post_connect_attempts_timeout","records.config","INT 1800"
"EDGE1_CDN1_520","CONFIG proxy.config.http.post_connect_attempts_timeout","records.config","INT 1800"
"EDGE1_CDN2_520","CONFIG proxy.config.http.down_server.cache_time","records.config","INT 300"
"EDGE1_CDN1_520","CONFIG proxy.config.http.down_server.cache_time","records.config","INT 300"
"EDGE1_CDN2_520","CONFIG proxy.config.http.down_server.abort_threshold","records.config","INT 10"
"EDGE1_CDN1_520","CONFIG proxy.config.http.down_server.abort_threshold","records.config","INT 10"
"EDGE1_CDN2_520","CONFIG proxy.config.http.congestion_control.enabled","records.config","INT 0"
"EDGE1_CDN1_520","CONFIG proxy.config.http.congestion_control.enabled","records.config","INT 0"
"EDGE1_CDN2_520","CONFIG proxy.config.http.anonymize_remove_from","records.config","INT 0"
"EDGE1_CDN1_520","CONFIG proxy.config.http.anonymize_remove_from","records.config","INT 0"
"EDGE1_CDN2_520","CONFIG proxy.config.http.anonymize_remove_referer","records.config","INT 0"
"EDGE1_CDN1_520","CONFIG proxy.config.http.anonymize_remove_referer","records.config","INT 0"
"EDGE1_CDN2_520","CONFIG proxy.config.http.anonymize_remove_user_agent","records.config","INT 0"
"EDGE1_CDN1_520","CONFIG proxy.config.http.anonymize_remove_user_agent","records.config","INT 0"
"EDGE1_CDN2_520","CONFIG proxy.config.http.anonymize_remove_cookie","records.config","INT 0"
"EDGE1_CDN1_520","CONFIG proxy.config.http.anonymize_remove_cookie","records.config","INT 0"
"EDGE1_CDN2_520","CONFIG proxy.config.http.anonymize_remove_client_ip","records.config","INT 0"
"EDGE1_CDN1_520","CONFIG proxy.config.http.anonymize_remove_client_ip","records.config","INT 0"
"EDGE1_CDN2_520","CONFIG proxy.config.http.anonymize_insert_client_ip","records.config","INT 1"
"EDGE1_CDN1_520","CONFIG proxy.config.http.anonymize_insert_client_ip","records.config","INT 1"
"EDGE1_CDN2_520","CONFIG proxy.config.http.anonymize_other_header_list","records.config","STRING NULL"
"EDGE1_CDN1_520","CONFIG proxy.config.http.anonymize_other_header_list","records.config","STRING NULL"
"EDGE1_CDN2_520","CONFIG proxy.config.http.insert_squid_x_forwarded_for","records.config","INT 1"
"EDGE1_CDN1_520","CONFIG proxy.config.http.insert_squid_x_forwarded_for","records.config","INT 1"
"EDGE1_CDN2_520","CONFIG proxy.config.http.push_method_enabled","records.config","INT 0"
"EDGE1_CDN1_520","CONFIG proxy.config.http.push_method_enabled","records.config","INT 0"
"EDGE1_CDN2_520","CONFIG proxy.config.http.cache.http","records.config","INT 1"
"EDGE1_CDN1_520","CONFIG proxy.config.http.cache.http","records.config","INT 1"
"EDGE1_CDN2_520","CONFIG proxy.config.http.cache.ignore_client_no_cache","records.config","INT 1"
"EDGE1_CDN1_520","CONFIG proxy.config.http.cache.ignore_client_no_cache","records.config","INT 1"
"EDGE1_CDN2_520","CONFIG proxy.config.http.cache.ims_on_client_no_cache","records.config","INT 1"
"EDGE1_CDN1_520","CONFIG proxy.config.http.cache.ims_on_client_no_cache","records.config","INT 1"
"EDGE1_CDN2_520","CONFIG proxy.config.http.cache.ignore_server_no_cache","records.config","INT 0"
"EDGE1_CDN1_520","CONFIG proxy.config.http.cache.ignore_server_no_cache","records.config","INT 0"
"EDGE1_CDN2_520","CONFIG proxy.config.http.cache.ignore_client_cc_max_age","records.config","INT 0"
"EDGE1_CDN1_520","CONFIG proxy.config.http.cache.ignore_client_cc_max_age","records.config","INT 0"
"EDGE1_CDN2_520","CONFIG proxy.config.http.normalize_ae_gzip","records.config","INT 0"
"EDGE1_CDN1_520","CONFIG proxy.config.http.normalize_ae_gzip","records.config","INT 0"
"EDGE1_CDN2_520","CONFIG proxy.config.http.cache.cache_responses_to_cookies","records.config","INT 1"
"EDGE1_CDN1_520","CONFIG proxy.config.http.cache.cache_responses_to_cookies","records.config","INT 1"
"EDGE1_CDN2_520","CONFIG proxy.config.http.cache.ignore_authentication","records.config","INT 0"
"EDGE1_CDN1_520","CONFIG proxy.config.http.cache.ignore_authentication","records.config","INT 0"
"EDGE1_CDN2_520","CONFIG proxy.config.http.cache.cache_urls_that_look_dynamic","records.config","INT 1"
"EDGE1_CDN1_520","CONFIG proxy.config.http.cache.cache_urls_that_look_dynamic","records.config","INT 1"
"EDGE1_CDN2_520","CONFIG proxy.config.http.cache.enable_default_vary_headers","records.config","INT 0"
"EDGE1_CDN1_520","CONFIG proxy.config.http.cache.enable_default_vary_headers","records.config","INT 0"
"EDGE1_CDN2_520","CONFIG proxy.config.http.cache.when_to_revalidate","records.config","INT 0"
"EDGE1_CDN1_520","CONFIG proxy.config.http.cache.when_to_revalidate","records.config","INT 0"
"EDGE1_CDN2_520","CONFIG proxy.config.http.cache.when_to_add_no_cache_to_msie_requests","records.config","INT -1"
"EDGE1_CDN1_520","CONFIG proxy.config.http.cache.when_to_add_no_cache_to_msie_requests","records.config","INT -1"
"EDGE1_CDN2_520","CONFIG proxy.config.http.cache.required_headers","records.config","INT 0"
"EDGE1_CDN1_520","CONFIG proxy.config.http.cache.required_headers","records.config","INT 0"
"EDGE1_CDN2_520","CONFIG proxy.config.http.cache.max_stale_age","records.config","INT 604800"
"EDGE1_CDN1_520","CONFIG proxy.config.http.cache.max_stale_age","records.config","INT 604800"
"EDGE1_CDN2_520","CONFIG proxy.config.http.cache.range.lookup","records.config","INT 1"
"EDGE1_CDN1_520","CONFIG proxy.config.http.cache.range.lookup","records.config","INT 1"
"EDGE1_CDN2_520","CONFIG proxy.config.http.cache.heuristic_min_lifetime","records.config","INT 3600"
"EDGE1_CDN1_520","CONFIG proxy.config.http.cache.heuristic_min_lifetime","records.config","INT 3600"
"EDGE1_CDN2_520","CONFIG proxy.config.http.cache.heuristic_max_lifetime","records.config","INT 86400"
"EDGE1_CDN1_520","CONFIG proxy.config.http.cache.heuristic_max_lifetime","records.config","INT 86400"
"EDGE1_CDN2_520","CONFIG proxy.config.http.cache.heuristic_lm_factor","records.config","FLOAT 0.10"
"EDGE1_CDN1_520","CONFIG proxy.config.http.cache.heuristic_lm_factor","records.config","FLOAT 0.10"
"EDGE1_CDN2_520","CONFIG proxy.config.http.cache.fuzz.time","records.config","INT 240"
"EDGE1_CDN1_520","CONFIG proxy.config.http.cache.fuzz.time","records.config","INT 240"
"EDGE1_CDN2_520","CONFIG proxy.config.http.cache.fuzz.probability","records.config","FLOAT 0.005"
"EDGE1_CDN1_520","CONFIG proxy.config.http.cache.fuzz.probability","records.config","FLOAT 0.005"
"EDGE1_CDN2_520","CONFIG proxy.config.http.cache.vary_default_text","records.config","STRING NULL"
"EDGE1_CDN1_520","CONFIG proxy.config.http.cache.vary_default_text","records.config","STRING NULL"
"EDGE1_CDN2_520","CONFIG proxy.config.http.cache.vary_default_images","records.config","STRING NULL"
"EDGE1_CDN1_520","CONFIG proxy.config.http.cache.vary_default_images","records.config","STRING NULL"
"EDGE1_CDN2_520","CONFIG proxy.config.http.cache.vary_default_other","records.config","STRING NULL"
"EDGE1_CDN1_520","CONFIG proxy.config.http.cache.vary_default_other","records.config","STRING NULL"
"EDGE1_CDN2_520","CONFIG proxy.config.http.enable_http_stats","records.config","INT 1"
"EDGE1_CDN1_520","CONFIG proxy.config.http.enable_http_stats","records.config","INT 1"
"EDGE1_CDN2_520","CONFIG proxy.config.body_factory.enable_logging","records.config","INT 0"
"EDGE1_CDN1_520","CONFIG proxy.config.body_factory.enable_logging","records.config","INT 0"
"EDGE1_CDN2_520","CONFIG proxy.config.body_factory.response_suppression_mode","records.config","INT 0"
"EDGE1_CDN1_520","CONFIG proxy.config.body_factory.response_suppression_mode","records.config","INT 0"
"EDGE1_CDN2_520","CONFIG proxy.config.net.connections_throttle","records.config","INT 500000"
"EDGE1_CDN1_520","CONFIG proxy.config.net.connections_throttle","records.config","INT 500000"
"EDGE1_CDN2_520","CONFIG proxy.config.net.defer_accept","records.config","INT 45"
"EDGE1_CDN1_520","CONFIG proxy.config.net.defer_accept","records.config","INT 45"
"EDGE1_CDN2_520","LOCAL proxy.local.cluster.type","records.config","INT 3"
"EDGE1_CDN1_520","LOCAL proxy.local.cluster.type","records.config","INT 3"
"EDGE1_CDN2_520","CONFIG proxy.config.cluster.cluster_port","records.config","INT 8086"
"EDGE1_CDN1_520","CONFIG proxy.config.cluster.cluster_port","records.config","INT 8086"
"EDGE1_CDN2_520","CONFIG proxy.config.cluster.rsport","records.config","INT 8088"
"EDGE1_CDN1_520","CONFIG proxy.config.cluster.rsport","records.config","INT 8088"
"EDGE1_CDN2_520","CONFIG proxy.config.cluster.mcport","records.config","INT 8089"
"EDGE1_CDN1_520","CONFIG proxy.config.cluster.mcport","records.config","INT 8089"
"EDGE1_CDN2_520","CONFIG proxy.config.cluster.mc_group_addr","records.config","STRING 224.0.1.37"
"EDGE1_CDN1_520","CONFIG proxy.config.cluster.mc_group_addr","records.config","STRING 224.0.1.37"
"EDGE1_CDN2_520","CONFIG proxy.config.cluster.mc_ttl","records.config","INT 1"
"EDGE1_CDN1_520","CONFIG proxy.config.cluster.mc_ttl","records.config","INT 1"
"EDGE1_CDN2_520","CONFIG proxy.config.cluster.log_bogus_mc_msgs","records.config","INT 1"
"EDGE1_CDN1_520","CONFIG proxy.config.cluster.log_bogus_mc_msgs","records.config","INT 1"
"EDGE1_CDN2_520","CONFIG proxy.config.cluster.ethernet_interface","records.config","STRING lo"
"EDGE1_CDN1_520","CONFIG proxy.config.cluster.ethernet_interface","records.config","STRING lo"
"EDGE1_CDN2_520","CONFIG proxy.config.cache.permit.pinning","records.config","INT 0"
"EDGE1_CDN1_520","CONFIG proxy.config.cache.permit.pinning","records.config","INT 0"
"EDGE1_CDN2_520","CONFIG proxy.config.cache.ram_cache.algorithm","records.config","INT 0"
"EDGE1_CDN1_520","CONFIG proxy.config.cache.ram_cache.algorithm","records.config","INT 0"
"EDGE1_CDN2_520","CONFIG proxy.config.cache.ram_cache.use_seen_filter","records.config","INT 0"
"EDGE1_CDN1_520","CONFIG proxy.config.cache.ram_cache.use_seen_filter","records.config","INT 0"
"EDGE1_CDN2_520","CONFIG proxy.config.cache.ram_cache.compress","records.config","INT 0"
"EDGE1_CDN1_520","CONFIG proxy.config.cache.ram_cache.compress","records.config","INT 0"
"EDGE1_CDN2_520","CONFIG proxy.config.cache.limits.http.max_alts","records.config","INT 5"
"EDGE1_CDN1_520","CONFIG proxy.config.cache.limits.http.max_alts","records.config","INT 5"
"EDGE1_CDN2_520","CONFIG proxy.config.cache.target_fragment_size","records.config","INT 1048576"
"EDGE1_CDN1_520","CONFIG proxy.config.cache.target_fragment_size","records.config","INT 1048576"
"EDGE1_CDN2_520","CONFIG proxy.config.cache.max_doc_size","records.config","INT 0"
"EDGE1_CDN1_520","CONFIG proxy.config.cache.max_doc_size","records.config","INT 0"
"EDGE1_CDN2_520","CONFIG proxy.config.cache.min_average_object_size","records.config","INT 131072"
"EDGE1_CDN1_520","CONFIG proxy.config.cache.min_average_object_size","records.config","INT 131072"
"EDGE1_CDN2_520","CONFIG proxy.config.cache.threads_per_disk","records.config","INT 8"
"EDGE1_CDN1_520","CONFIG proxy.config.cache.threads_per_disk","records.config","INT 8"
"EDGE1_CDN2_520","CONFIG proxy.config.cache.mutex_retry_delay","records.config","INT 2"
"EDGE1_CDN1_520","CONFIG proxy.config.cache.mutex_retry_delay","records.config","INT 2"
"EDGE1_CDN2_520","CONFIG proxy.config.dns.search_default_domains","records.config","INT 0"
"EDGE1_CDN1_520","CONFIG proxy.config.dns.search_default_domains","records.config","INT 0"
"EDGE1_CDN2_520","CONFIG proxy.config.dns.splitDNS.enabled","records.config","INT 0"
"EDGE1_CDN1_520","CONFIG proxy.config.dns.splitDNS.enabled","records.config","INT 0"
"EDGE1_CDN2_520","CONFIG proxy.config.dns.max_dns_in_flight","records.config","INT 2048"
"EDGE1_CDN1_520","CONFIG proxy.config.dns.max_dns_in_flight","records.config","INT 2048"
"EDGE1_CDN2_520","CONFIG proxy.config.dns.url_expansions","records.config","STRING NULL"
"EDGE1_CDN1_520","CONFIG proxy.config.dns.url_expansions","records.config","STRING NULL"
"EDGE1_CDN2_520","CONFIG proxy.config.dns.round_robin_nameservers","records.config","INT 0"
"EDGE1_CDN1_520","CONFIG proxy.config.dns.round_robin_nameservers","records.config","INT 0"
"EDGE1_CDN2_520","CONFIG proxy.config.dns.nameservers","records.config","STRING NULL"
"EDGE1_CDN1_520","CONFIG proxy.config.dns.nameservers","records.config","STRING NULL"
"EDGE1_CDN2_520","CONFIG proxy.config.dns.resolv_conf","records.config","STRING /etc/resolv.conf"
"EDGE1_CDN1_520","CONFIG proxy.config.dns.resolv_conf","records.config","STRING /etc/resolv.conf"
"EDGE1_CDN2_520","CONFIG proxy.config.dns.validate_query_name","records.config","INT 0"
"EDGE1_CDN1_520","CONFIG proxy.config.dns.validate_query_name","records.config","INT 0"
"EDGE1_CDN2_520","CONFIG proxy.config.hostdb.size","records.config","INT 120000"
"EDGE1_CDN1_520","CONFIG proxy.config.hostdb.size","records.config","INT 120000"
"EDGE1_CDN2_520","CONFIG proxy.config.hostdb.storage_size","records.config","INT 33554432"
"EDGE1_CDN1_520","CONFIG proxy.config.hostdb.storage_size","records.config","INT 33554432"
"EDGE1_CDN2_520","CONFIG proxy.config.hostdb.timeout","records.config","INT 1440"
"EDGE1_CDN1_520","CONFIG proxy.config.hostdb.timeout","records.config","INT 1440"
"EDGE1_CDN2_520","CONFIG proxy.config.hostdb.strict_round_robin","records.config","INT 0"
"EDGE1_CDN1_520","CONFIG proxy.config.hostdb.strict_round_robin","records.config","INT 0"
"EDGE1_CDN2_520","CONFIG proxy.config.log.logging_enabled","records.config","INT 3"
"EDGE1_CDN1_520","CONFIG proxy.config.log.logging_enabled","records.config","INT 3"
"EDGE1_CDN2_520","CONFIG proxy.config.log.max_secs_per_buffer","records.config","INT 5"
"EDGE1_CDN1_520","CONFIG proxy.config.log.max_secs_per_buffer","records.config","INT 5"
"EDGE1_CDN2_520","CONFIG proxy.config.log.max_space_mb_for_logs","records.config","INT 25000"
"EDGE1_CDN1_520","CONFIG proxy.config.log.max_space_mb_for_logs","records.config","INT 25000"
"EDGE1_CDN2_520","CONFIG proxy.config.log.max_space_mb_for_orphan_logs","records.config","INT 25"
"EDGE1_CDN1_520","CONFIG proxy.config.log.max_space_mb_for_orphan_logs","records.config","INT 25"
"EDGE1_CDN2_520","CONFIG proxy.config.log.max_space_mb_headroom","records.config","INT 1000"
"EDGE1_CDN1_520","CONFIG proxy.config.log.max_space_mb_headroom","records.config","INT 1000"
"EDGE1_CDN2_520","CONFIG proxy.config.log.hostname","records.config","STRING localhost"
"EDGE1_CDN1_520","CONFIG proxy.config.log.hostname","records.config","STRING localhost"
"EDGE1_CDN2_520","CONFIG proxy.config.log.logfile_dir","records.config","STRING var/log/trafficserver"
"EDGE1_CDN1_520","CONFIG proxy.config.log.logfile_dir","records.config","STRING var/log/trafficserver"
"EDGE1_CDN2_520","CONFIG proxy.config.log.logfile_perm","records.config","STRING rw-r--r--"
"EDGE1_CDN1_520","CONFIG proxy.config.log.logfile_perm","records.config","STRING rw-r--r--"
"EDGE1_CDN2_520","CONFIG proxy.config.log.custom_logs_enabled","records.config","INT 1"
"EDGE1_CDN1_520","CONFIG proxy.config.log.custom_logs_enabled","records.config","INT 1"
"EDGE1_CDN2_520","CONFIG proxy.config.log.squid_log_enabled","records.config","INT 0"
"EDGE1_CDN1_520","CONFIG proxy.config.log.squid_log_enabled","records.config","INT 0"
"EDGE1_CDN2_520","CONFIG proxy.config.log.squid_log_is_ascii","records.config","INT 0"
"EDGE1_CDN1_520","CONFIG proxy.config.log.squid_log_is_ascii","records.config","INT 0"
"EDGE1_CDN2_520","CONFIG proxy.config.log.squid_log_name","records.config","STRING squid"
"EDGE1_CDN1_520","CONFIG proxy.config.log.squid_log_name","records.config","STRING squid"
"EDGE1_CDN2_520","CONFIG proxy.config.log.squid_log_header","records.config","STRING NULL"
"EDGE1_CDN1_520","CONFIG proxy.config.log.squid_log_header","records.config","STRING NULL"
"EDGE1_CDN2_520","CONFIG proxy.config.log.common_log_enabled","records.config","INT 0"
"EDGE1_CDN1_520","CONFIG proxy.config.log.common_log_enabled","records.config","INT 0"
"EDGE1_CDN2_520","CONFIG proxy.config.log.common_log_is_ascii","records.config","INT 1"
"EDGE1_CDN1_520","CONFIG proxy.config.log.common_log_is_ascii","records.config","INT 1"
"EDGE1_CDN2_520","CONFIG proxy.config.log.common_log_name","records.config","STRING common"
"EDGE1_CDN1_520","CONFIG proxy.config.log.common_log_name","records.config","STRING common"
"EDGE1_CDN2_520","CONFIG proxy.config.log.common_log_header","records.config","STRING NULL"
"EDGE1_CDN1_520","CONFIG proxy.config.log.common_log_header","records.config","STRING NULL"
"EDGE1_CDN2_520","CONFIG proxy.config.log.extended_log_enabled","records.config","INT 0"
"EDGE1_CDN1_520","CONFIG proxy.config.log.extended_log_enabled","records.config","INT 0"
"EDGE1_CDN2_520","CONFIG proxy.config.log.extended_log_is_ascii","records.config","INT 0"
"EDGE1_CDN1_520","CONFIG proxy.config.log.extended_log_is_ascii","records.config","INT 0"
"EDGE1_CDN2_520","CONFIG proxy.config.log.extended_log_name","records.config","STRING extended"
"EDGE1_CDN1_520","CONFIG proxy.config.log.extended_log_name","records.config","STRING extended"
"EDGE1_CDN2_520","CONFIG proxy.config.log.extended_log_header","records.config","STRING NULL"
"EDGE1_CDN1_520","CONFIG proxy.config.log.extended_log_header","records.config","STRING NULL"
"EDGE1_CDN2_520","CONFIG proxy.config.log.extended2_log_is_ascii","records.config","INT 1"
"EDGE1_CDN1_520","CONFIG proxy.config.log.extended2_log_is_ascii","records.config","INT 1"
"EDGE1_CDN2_520","CONFIG proxy.config.log.extended2_log_name","records.config","STRING extended2"
"EDGE1_CDN1_520","CONFIG proxy.config.log.extended2_log_name","records.config","STRING extended2"
"EDGE1_CDN2_520","CONFIG proxy.config.log.extended2_log_header","records.config","STRING NULL"
"EDGE1_CDN1_520","CONFIG proxy.config.log.extended2_log_header","records.config","STRING NULL"
"EDGE1_CDN2_520","CONFIG proxy.config.log.separate_icp_logs","records.config","INT 0"
"EDGE1_CDN1_520","CONFIG proxy.config.log.separate_icp_logs","records.config","INT 0"
"EDGE1_CDN2_520","CONFIG proxy.config.log.separate_host_logs","records.config","INT 0"
"EDGE1_CDN1_520","CONFIG proxy.config.log.separate_host_logs","records.config","INT 0"
"EDGE1_CDN2_520","LOCAL proxy.local.log.collation_mode","records.config","INT 0"
"EDGE1_CDN1_520","LOCAL proxy.local.log.collation_mode","records.config","INT 0"
"EDGE1_CDN2_520","CONFIG proxy.config.log.collation_host","records.config","STRING NULL"
"EDGE1_CDN1_520","CONFIG proxy.config.log.collation_host","records.config","STRING NULL"
"EDGE1_CDN2_520","CONFIG proxy.config.log.collation_port","records.config","INT 8085"
"EDGE1_CDN1_520","CONFIG proxy.config.log.collation_port","records.config","INT 8085"
"EDGE1_CDN2_520","CONFIG proxy.config.log.collation_secret","records.config","STRING foobar"
"EDGE1_CDN1_520","CONFIG proxy.config.log.collation_secret","records.config","STRING foobar"
"EDGE1_CDN2_520","CONFIG proxy.config.log.collation_host_tagged","records.config","INT 0"
"EDGE1_CDN1_520","CONFIG proxy.config.log.collation_host_tagged","records.config","INT 0"
"EDGE1_CDN2_520","CONFIG proxy.config.log.collation_retry_sec","records.config","INT 5"
"EDGE1_CDN1_520","CONFIG proxy.config.log.collation_retry_sec","records.config","INT 5"
"EDGE1_CDN2_520","CONFIG proxy.config.log.rolling_enabled","records.config","INT 1"
"EDGE1_CDN1_520","CONFIG proxy.config.log.rolling_enabled","records.config","INT 1"
"EDGE1_CDN2_520","CONFIG proxy.config.log.rolling_interval_sec","records.config","INT 86400"
"EDGE1_CDN1_520","CONFIG proxy.config.log.rolling_interval_sec","records.config","INT 86400"
"EDGE1_CDN2_520","CONFIG proxy.config.log.rolling_offset_hr","records.config","INT 0"
"EDGE1_CDN1_520","CONFIG proxy.config.log.rolling_offset_hr","records.config","INT 0"
"EDGE1_CDN2_520","CONFIG proxy.config.log.rolling_size_mb","records.config","INT 10"
"EDGE1_CDN1_520","CONFIG proxy.config.log.rolling_size_mb","records.config","INT 10"
"EDGE1_CDN2_520","CONFIG proxy.config.log.auto_delete_rolled_files","records.config","INT 1"
"EDGE1_CDN1_520","CONFIG proxy.config.log.auto_delete_rolled_files","records.config","INT 1"
"EDGE1_CDN2_520","CONFIG proxy.config.log.sampling_frequency","records.config","INT 1"
"EDGE1_CDN1_520","CONFIG proxy.config.log.sampling_frequency","records.config","INT 1"
"EDGE1_CDN2_520","CONFIG proxy.config.reverse_proxy.enabled","records.config","INT 1"
"EDGE1_CDN1_520","CONFIG proxy.config.reverse_proxy.enabled","records.config","INT 1"
"EDGE1_CDN2_520","CONFIG proxy.config.header.parse.no_host_url_redirect","records.config","STRING NULL"
"EDGE1_CDN1_520","CONFIG proxy.config.header.parse.no_host_url_redirect","records.config","STRING NULL"
"EDGE1_CDN2_520","CONFIG proxy.config.url_remap.default_to_server_pac","records.config","INT 0"
"EDGE1_CDN1_520","CONFIG proxy.config.url_remap.default_to_server_pac","records.config","INT 0"
"EDGE1_CDN2_520","CONFIG proxy.config.url_remap.default_to_server_pac_port","records.config","INT -1"
"EDGE1_CDN1_520","CONFIG proxy.config.url_remap.default_to_server_pac_port","records.config","INT -1"
"EDGE1_CDN2_520","CONFIG proxy.config.url_remap.remap_required","records.config","INT 1"
"EDGE1_CDN1_520","CONFIG proxy.config.url_remap.remap_required","records.config","INT 1"
"EDGE1_CDN2_520","CONFIG proxy.config.url_remap.pristine_host_hdr","records.config","INT 0"
"EDGE1_CDN1_520","CONFIG proxy.config.url_remap.pristine_host_hdr","records.config","INT 0"
"EDGE1_CDN2_520","CONFIG proxy.config.ssl.number.threads","records.config","INT 0"
"EDGE1_CDN1_520","CONFIG proxy.config.ssl.number.threads","records.config","INT 0"
"EDGE1_CDN2_520","CONFIG proxy.config.ssl.SSLv2","records.config","INT 0"
"EDGE1_CDN1_520","CONFIG proxy.config.ssl.SSLv2","records.config","INT 0"
"EDGE1_CDN2_520","CONFIG proxy.config.ssl.TLSv1","records.config","INT 1"
"EDGE1_CDN1_520","CONFIG proxy.config.ssl.TLSv1","records.config","INT 1"
"EDGE1_CDN2_520","CONFIG proxy.config.ssl.compression","records.config","INT 1"
"EDGE1_CDN1_520","CONFIG proxy.config.ssl.compression","records.config","INT 1"
"EDGE1_CDN2_520","CONFIG proxy.config.ssl.client.certification_level","records.config","INT 0"
"EDGE1_CDN1_520","CONFIG proxy.config.ssl.client.certification_level","records.config","INT 0"
"EDGE1_CDN2_520","CONFIG proxy.config.ssl.server.cert_chain.filename","records.config","STRING NULL"
"EDGE1_CDN1_520","CONFIG proxy.config.ssl.server.cert_chain.filename","records.config","STRING NULL"
"EDGE1_CDN2_520","CONFIG proxy.config.ssl.CA.cert.filename","records.config","STRING NULL"
"EDGE1_CDN1_520","CONFIG proxy.config.ssl.CA.cert.filename","records.config","STRING NULL"
"EDGE1_CDN2_520","CONFIG proxy.config.ssl.client.verify.server","records.config","INT 0"
"EDGE1_CDN1_520","CONFIG proxy.config.ssl.client.verify.server","records.config","INT 0"
"EDGE1_CDN2_520","CONFIG proxy.config.ssl.client.cert.filename","records.config","STRING NULL"
"EDGE1_CDN1_520","CONFIG proxy.config.ssl.client.cert.filename","records.config","STRING NULL"
"EDGE1_CDN2_520","CONFIG proxy.config.ssl.client.private_key.filename","records.config","STRING NULL"
"EDGE1_CDN1_520","CONFIG proxy.config.ssl.client.private_key.filename","records.config","STRING NULL"
"EDGE1_CDN2_520","CONFIG proxy.config.ssl.client.CA.cert.filename","records.config","STRING NULL"
"EDGE1_CDN1_520","CONFIG proxy.config.ssl.client.CA.cert.filename","records.config","STRING NULL"
"EDGE1_CDN2_520","CONFIG proxy.config.icp.enabled","records.config","INT 0"
"EDGE1_CDN1_520","CONFIG proxy.config.icp.enabled","records.config","INT 0"
"EDGE1_CDN2_520","CONFIG proxy.config.icp.icp_interface","records.config","STRING NULL"
"EDGE1_CDN1_520","CONFIG proxy.config.icp.icp_interface","records.config","STRING NULL"
"EDGE1_CDN2_520","CONFIG proxy.config.icp.icp_port","records.config","INT 3130"
"EDGE1_CDN1_520","CONFIG proxy.config.icp.icp_port","records.config","INT 3130"
"EDGE1_CDN2_520","CONFIG proxy.config.icp.multicast_enabled","records.config","INT 0"
"EDGE1_CDN1_520","CONFIG proxy.config.icp.multicast_enabled","records.config","INT 0"
"EDGE1_CDN2_520","CONFIG proxy.config.icp.query_timeout","records.config","INT 2"
"EDGE1_CDN1_520","CONFIG proxy.config.icp.query_timeout","records.config","INT 2"
"EDGE1_CDN2_520","CONFIG proxy.config.update.enabled","records.config","INT 0"
"EDGE1_CDN1_520","CONFIG proxy.config.update.enabled","records.config","INT 0"
"EDGE1_CDN2_520","CONFIG proxy.config.update.force","records.config","INT 0"
"EDGE1_CDN1_520","CONFIG proxy.config.update.force","records.config","INT 0"
"EDGE1_CDN2_520","CONFIG proxy.config.update.retry_count","records.config","INT 10"
"EDGE1_CDN1_520","CONFIG proxy.config.update.retry_count","records.config","INT 10"
"EDGE1_CDN2_520","CONFIG proxy.config.update.retry_interval","records.config","INT 2"
"EDGE1_CDN1_520","CONFIG proxy.config.update.retry_interval","records.config","INT 2"
"EDGE1_CDN2_520","CONFIG proxy.config.update.concurrent_updates","records.config","INT 100"
"EDGE1_CDN1_520","CONFIG proxy.config.update.concurrent_updates","records.config","INT 100"
"EDGE1_CDN2_520","CONFIG proxy.config.net.sock_send_buffer_size_in","records.config","INT 262144"
"EDGE1_CDN1_520","CONFIG proxy.config.net.sock_send_buffer_size_in","records.config","INT 262144"
"EDGE1_CDN2_520","CONFIG proxy.config.net.sock_recv_buffer_size_in","records.config","INT 0"
"EDGE1_CDN1_520","CONFIG proxy.config.net.sock_recv_buffer_size_in","records.config","INT 0"
"EDGE1_CDN2_520","CONFIG proxy.config.net.sock_send_buffer_size_out","records.config","INT 0"
"EDGE1_CDN1_520","CONFIG proxy.config.net.sock_send_buffer_size_out","records.config","INT 0"
"EDGE1_CDN2_520","CONFIG proxy.config.net.sock_recv_buffer_size_out","records.config","INT 0"
"EDGE1_CDN1_520","CONFIG proxy.config.net.sock_recv_buffer_size_out","records.config","INT 0"
"EDGE1_CDN2_520","CONFIG proxy.config.core_limit","records.config","INT -1"
"EDGE1_CDN1_520","CONFIG proxy.config.core_limit","records.config","INT -1"
"EDGE1_CDN2_520","CONFIG proxy.config.diags.debug.enabled","records.config","INT 0"
"EDGE1_CDN1_520","CONFIG proxy.config.diags.debug.enabled","records.config","INT 0"
"EDGE1_CDN2_520","CONFIG proxy.config.diags.debug.tags","records.config","STRING http.*|dns.*"
"EDGE1_CDN1_520","CONFIG proxy.config.diags.debug.tags","records.config","STRING http.*|dns.*"
"EDGE1_CDN2_520","CONFIG proxy.config.dump_mem_info_frequency","records.config","INT 0"
"EDGE1_CDN1_520","CONFIG proxy.config.dump_mem_info_frequency","records.config","INT 0"
"EDGE1_CDN2_520","CONFIG proxy.config.http.slow.log.threshold","records.config","INT 0"
"EDGE1_CDN1_520","CONFIG proxy.config.http.slow.log.threshold","records.config","INT 0"
"EDGE1_CDN2_520","CONFIG proxy.config.task_threads","records.config","INT 2"
"EDGE1_CDN1_520","CONFIG proxy.config.task_threads","records.config","INT 2"
"EDGE1_CDN2_520","location","cache.config","/opt/trafficserver/etc/trafficserver/"
"EDGE1_CDN1_520","location","cache.config","/opt/trafficserver/etc/trafficserver/"
"EDGE1_CDN2_520","location","hosting.config","/opt/trafficserver/etc/trafficserver/"
"EDGE1_CDN1_520","location","hosting.config","/opt/trafficserver/etc/trafficserver/"
"EDGE1_CDN2_520","location","parent.config","/opt/trafficserver/etc/trafficserver/"
"EDGE1_CDN1_520","location","parent.config","/opt/trafficserver/etc/trafficserver/"
"EDGE1_CDN2_520","location","plugin.config","/opt/trafficserver/etc/trafficserver/"
"EDGE1_CDN1_520","location","plugin.config","/opt/trafficserver/etc/trafficserver/"
"EDGE1_CDN2_520","location","records.config","/opt/trafficserver/etc/trafficserver/"
"EDGE1_CDN1_520","location","records.config","/opt/trafficserver/etc/trafficserver/"
"EDGE1_CDN2_520","location","remap.config","/opt/trafficserver/etc/trafficserver/"
"EDGE1_CDN1_520","location","remap.config","/opt/trafficserver/etc/trafficserver/"
"EDGE1_CDN2_520","location","storage.config","/opt/trafficserver/etc/trafficserver/"
"EDGE1_CDN1_520","location","storage.config","/opt/trafficserver/etc/trafficserver/"
"EDGE1_CDN2_520","location","volume.config","/opt/trafficserver/etc/trafficserver/"
"EDGE1_CDN1_520","location","volume.config","/opt/trafficserver/etc/trafficserver/"
"EDGE1_CDN2_520","location","50-ats.rules","/etc/udev/rules.d/"
"EDGE1_CDN1_520","location","50-ats.rules","/etc/udev/rules.d/"
"CCR_CDN1","location","CRConfig.xml","XMPP CRConfig node"
"CCR_CDN1","location","dns.zone","/etc/kabletown/zones/<zonename>.info"
"CCR_CDN2","location","dns.zone","/etc/kabletown/zones/<zonename>.info"
"HOSTMON","location","dns.zone","/etc/kabletown/zones/<zonename>.info"
"CCR_CDN1","location","http-log4j.properties","/etc/kabletown"
"CCR_CDN2","location","http-log4j.properties","/etc/kabletown"
"HOSTMON","location","http-log4j.properties","/etc/kabletown"
"CCR_CDN1","location","dns-log4j.properties","/etc/kabletown"
"CCR_CDN2","location","dns-log4j.properties","/etc/kabletown"
"HOSTMON","location","dns-log4j.properties","/etc/kabletown"
"CCR_CDN1","location","geolocation.properties","/etc/kabletown"
"CCR_CDN2","location","geolocation.properties","/etc/kabletown"
"HOSTMON","location","geolocation.properties","/etc/kabletown"
"CCR_CDN2","domain_name","CRConfig.xml","cdn2.kabletown.net"
"HOSTMON","domain_name","CRConfig.xml","cdn2.kabletown.net"
"EDGE1_CDN2_520","domain_name","CRConfig.xml","cdn2.kabletown.net"
"EDGE1_CDN2_520","CONFIG proxy.config.http.parent_proxy.file","records.config","STRING parent.config"
"EDGE1_CDN1_520","CONFIG proxy.config.http.parent_proxy.file","records.config","STRING parent.config"
"EDGE1_CDN2_520","CONFIG proxy.config.url_remap.filename","records.config","STRING remap.config"
"EDGE1_CDN1_520","CONFIG proxy.config.url_remap.filename","records.config","STRING remap.config"
"EDGE1_CDN2_520","location","ip_allow.config","/opt/trafficserver/etc/trafficserver"
"EDGE1_CDN1_520","location","ip_allow.config","/opt/trafficserver/etc/trafficserver"
"EDGE1_CDN2_520","CONFIG proxy.config.cluster.cluster_configuration ","records.config","STRING cluster.config"
"EDGE1_CDN1_520","CONFIG proxy.config.cluster.cluster_configuration ","records.config","STRING cluster.config"
"EDGE1_CDN2_520","ramdisk_size","grub.conf","ramdisk_size=16777216"
"EDGE1_CDN1_520","ramdisk_size","grub.conf","ramdisk_size=16777216"
"CCR_CDN1","monitor:///opt/tomcat/logs/access.log","inputs.conf","index=index_test;sourcetype=access_ccr"
"CCR_CDN2","monitor:///opt/tomcat/logs/access.log","inputs.conf","index=index_test;sourcetype=access_ccr"
"HOSTMON","monitor:///opt/tomcat/logs/access.log","inputs.conf","index=index_test;sourcetype=access_ccr"
"CCR_CDN2","location","CRConfig.xml","XMPP CRConfigOTT node"
"HOSTMON","location","CRConfig.xml","XMPP CRConfigOTT node"
"EDGE1_CDN2_520","purge_allow_ip","ip_allow.config","69.252.122.106"
"EDGE1_CDN1_520","purge_allow_ip","ip_allow.config","69.252.122.106"
"EDGE1_CDN2_520","health.threshold.loadavg","rascal.properties","25.0"
"EDGE1_CDN1_520","health.threshold.loadavg","rascal.properties","25.0"
"EDGE1_CDN2_520","health.threshold.availableBandwidthInKbps","rascal.properties",">1750000"
"EDGE1_CDN1_520","health.threshold.availableBandwidthInKbps","rascal.properties",">1750000"
"EDGE1_CDN2_520","history.count","rascal.properties","30"
"EDGE1_CDN1_520","history.count","rascal.properties","30"
"EDGE1_CDN2_520","cacheurl.so","plugin.config",""
"EDGE1_CDN1_520","cacheurl.so","plugin.config",""
"EDGE1_CDN2_520","location","cacheurl.config","/opt/trafficserver/etc/trafficserver/"
"EDGE1_CDN1_520","location","cacheurl.config","/opt/trafficserver/etc/trafficserver/"
"EDGE1_CDN2_520","CONFIG proxy.config.cache.control.filename","records.config","STRING cache.config"
"EDGE1_CDN1_520","CONFIG proxy.config.cache.control.filename","records.config","STRING cache.config"
"EDGE1_CDN2_520","LogObject.RollingEnabled","logs_xml.config","3"
"EDGE1_CDN1_520","LogObject.RollingEnabled","logs_xml.config","3"
"EDGE1_CDN2_520","LogObject.RollingIntervalSec","logs_xml.config","86400"
"EDGE1_CDN1_520","LogObject.RollingIntervalSec","logs_xml.config","86400"
"EDGE1_CDN2_520","LogObject.RollingOffsetHr","logs_xml.config","11"
"EDGE1_CDN1_520","LogObject.RollingOffsetHr","logs_xml.config","11"
"EDGE1_CDN2_520","LogObject.RollingSizeMb","logs_xml.config","1024"
"EDGE1_CDN1_520","LogObject.RollingSizeMb","logs_xml.config","1024"
"EDGE1_CDN2_520","location","logs_xml.config","/opt/trafficserver/etc/trafficserver"
"EDGE1_CDN1_520","location","logs_xml.config","/opt/trafficserver/etc/trafficserver"
"CCR_CDN1","CDN_name","rascal-config.txt","cdn1"
"CDSIS","CDN_name","rascal-config.txt","cdn1"
"RASCAL_CDN1","CDN_name","rascal-config.txt","cdn1"
"EDGE1_CDN1_520","CDN_name","rascal-config.txt","cdn1"
"CCR_CDN2","CDN_name","rascal-config.txt","cdn2"
"RASCAL_CDN2","CDN_name","rascal-config.txt","cdn2"
"REDIS_ALL","CDN_name","rascal-config.txt","cdn2"
"HOSTMON","CDN_name","rascal-config.txt","cdn2"
"EDGE1_CDN2_520","CDN_name","rascal-config.txt","cdn2"
"EDGE1_CDN2_520","CONFIG proxy.config.log.xml_config_file","records.config","STRING logs_xml.config"
"EDGE1_CDN1_520","CONFIG proxy.config.log.xml_config_file","records.config","STRING logs_xml.config"
"RASCAL_CDN1","health.polling.interval","rascal-config.txt","8000"
"RASCAL_CDN2","health.polling.interval","rascal-config.txt","8000"
"RASCAL_CDN1","tm.crConfig.polling.url","rascal-config.txt","https://${tmHostname}/CRConfig-Snapshots/${cdnName}/CRConfig.xml"
"RASCAL_CDN2","tm.crConfig.polling.url","rascal-config.txt","https://${tmHostname}/CRConfig-Snapshots/${cdnName}/CRConfig.xml"
"RASCAL_CDN1","tm.dataServer.polling.url","rascal-config.txt","https://${tmHostname}/dataserver/orderby/id"
"RASCAL_CDN2","tm.dataServer.polling.url","rascal-config.txt","https://${tmHostname}/dataserver/orderby/id"
"RASCAL_CDN1","tm.healthParams.polling.url","rascal-config.txt","https://${tmHostname}/health/${cdnName}"
"RASCAL_CDN2","tm.healthParams.polling.url","rascal-config.txt","https://${tmHostname}/health/${cdnName}"
"RASCAL_CDN1","tm.polling.interval","rascal-config.txt","60000"
"RASCAL_CDN2","tm.polling.interval","rascal-config.txt","60000"
"RASCAL_CDN1","location","rascal-config.txt","/opt/rascal/conf"
"RASCAL_CDN2","location","rascal-config.txt","/opt/rascal/conf"
"EDGE1_CDN2_520","health.threshold.queryTime","rascal.properties","1000"
"EDGE1_CDN1_520","health.threshold.queryTime","rascal.properties","1000"
"EDGE1_CDN2_520","health.polling.url","rascal.properties","http://${hostname}/_astats?application=&inf.name=${interface_name}"
"EDGE1_CDN1_520","health.polling.url","rascal.properties","http://${hostname}/_astats?application=&inf.name=${interface_name}"
"RASCAL_CDN1","health.threadPool","rascal-config.txt","4"
"RASCAL_CDN2","health.threadPool","rascal-config.txt","4"
"RASCAL_CDN1","health.event-count","rascal-config.txt","200"
"RASCAL_CDN2","health.event-count","rascal-config.txt","200"
"RASCAL_CDN1","hack.ttl","rascal-config.txt","30"
"RASCAL_CDN2","hack.ttl","rascal-config.txt","30"
"EDGE1_CDN2_520","RAM_Drive_Prefix","storage.config","/dev/ram"
"EDGE1_CDN1_520","RAM_Drive_Prefix","storage.config","/dev/ram"
"EDGE1_CDN2_520","RAM_Drive_Letters","storage.config","0,1,2,3,4,5,6,7"
"EDGE1_CDN1_520","RAM_Drive_Letters","storage.config","0,1,2,3,4,5,6,7"
"EDGE1_CDN2_520","RAM_Volume","storage.config","2"
"EDGE1_CDN1_520","RAM_Volume","storage.config","2"
"EDGE1_CDN2_520","Disk_Volume","storage.config","1"
"EDGE1_CDN1_520","Disk_Volume","storage.config","1"
"EDGE1_CDN2_520","CONFIG proxy.config.cache.hosting_filename","records.config","STRING hosting.config"
"EDGE1_CDN1_520","CONFIG proxy.config.cache.hosting_filename","records.config","STRING hosting.config"
"CCR_CDN1","CoverageZoneJsonURL","CRConfig.xml","http://cdn-tools.cdnl.kabletown.net/cdn/CZF/current/kabletown_cdn_czf-current.json"
"CCR_CDN2","CoverageZoneJsonURL","CRConfig.xml","http://cdn-tools.cdnl.kabletown.net/cdn/CZF/current/kabletown_cdn_czf-current.json"
"HOSTMON","CoverageZoneJsonURL","CRConfig.xml","http://cdn-tools.cdnl.kabletown.net/cdn/CZF/current/kabletown_cdn_czf-current.json"
"EDGE1_CDN2_520","health.connection.timeout","rascal.properties","2000"
"EDGE1_CDN1_520","health.connection.timeout","rascal.properties","2000"
"CCR_CDN1","geolocation.polling.url","CRConfig.json","https://traffic-ops.kabletown.net/MaxMind/auto/GeoIP2-City.mmdb.gz"
"CCR_CDN2","geolocation.polling.url","CRConfig.json","https://traffic-ops.kabletown.net/MaxMind/auto/GeoIP2-City.mmdb.gz"
"HOSTMON","geolocation.polling.url","CRConfig.json","https://traffic-ops.kabletown.net/MaxMind/auto/GeoIP2-City.mmdb.gz"
"CCR_CDN1","geolocation.polling.interval","CRConfig.json","86400000"
"CCR_CDN2","geolocation.polling.interval","CRConfig.json","86400000"
"HOSTMON","geolocation.polling.interval","CRConfig.json","86400000"
"CCR_CDN1","coveragezone.polling.interval","CRConfig.json","86400000"
"CCR_CDN2","coveragezone.polling.interval","CRConfig.json","86400000"
"HOSTMON","coveragezone.polling.interval","CRConfig.json","86400000"
"CCR_CDN1","coveragezone.polling.url","CRConfig.json","http://cdn-tools.cdnl.kabletown.net/cdn/CZF/current/kabletown_cdn_czf-current.json"
"CCR_CDN2","coveragezone.polling.url","CRConfig.json","http://cdn-tools.cdnl.kabletown.net/cdn/CZF/current/kabletown_cdn_czf-current.json"
"HOSTMON","coveragezone.polling.url","CRConfig.json","http://cdn-tools.cdnl.kabletown.net/cdn/CZF/current/kabletown_cdn_czf-current.json"
"CCR_CDN1","domain_name","CRConfig.json","cdn1.kabletown.net"
"EDGE1_CDN1_520","domain_name","CRConfig.json","cdn1.kabletown.net"
"CCR_CDN2","domain_name","CRConfig.json","cdn2.kabletown.net"
"HOSTMON","domain_name","CRConfig.json","cdn2.kabletown.net"
"EDGE1_CDN2_520","domain_name","CRConfig.json","cdn2.kabletown.net"
"EDGE1_CDN2_520","location","12M_facts","/opt/ort"
"EDGE1_CDN1_520","location","12M_facts","/opt/ort"
"EDGE1_CDN2_520","CONFIG proxy.config.http.cache.ignore_accept_encoding_mismatch","records.config","INT 1"
"RASCAL_CDN1","health.timepad","rascal-config.txt","30"
"RASCAL_CDN2","health.timepad","rascal-config.txt","30"
"GLOBAL","tm.url","global","https://traffic-ops.kabletown.net/"
"GLOBAL","tm.toolname","global","Traffic Ops"
"GLOBAL","tm.infourl","global","http://docs.cdnl.kabletown.net/traffic_control/html/"
"GLOBAL","tm.logourl","global","/images/tc_logo.png"
"CCR_CDN1","tld.ttls.AAAA","CRConfig.json","3600"
"CCR_CDN2","tld.ttls.AAAA","CRConfig.json","3600"
"HOSTMON","tld.ttls.AAAA","CRConfig.json","3600"
"CCR_CDN1","tld.ttls.SOA","CRConfig.json","86400"
"CCR_CDN1","tld.ttls.A","CRConfig.json","3600"
"CCR_CDN2","tld.ttls.A","CRConfig.json","3600"
"HOSTMON","tld.ttls.A","CRConfig.json","3600"
"CCR_CDN1","tld.ttls.NS","CRConfig.json","3600"
"CCR_CDN1","tld.soa.expire","CRConfig.json","604800"
"CCR_CDN2","tld.soa.expire","CRConfig.json","604800"
"HOSTMON","tld.soa.expire","CRConfig.json","604800"
"CCR_CDN1","tld.soa.minimum","CRConfig.json","86400"
"CCR_CDN2","tld.soa.minimum","CRConfig.json","86400"
"HOSTMON","tld.soa.minimum","CRConfig.json","86400"
"CCR_CDN1","tld.soa.admin","CRConfig.json","twelve_monkeys"
"CCR_CDN2","tld.soa.admin","CRConfig.json","twelve_monkeys"
"HOSTMON","tld.soa.admin","CRConfig.json","twelve_monkeys"
"CCR_CDN1","tld.soa.retry","CRConfig.json","7200"
"CCR_CDN2","tld.soa.retry","CRConfig.json","7200"
"HOSTMON","tld.soa.retry","CRConfig.json","7200"
"CCR_CDN1","tld.soa.refresh","CRConfig.json","28800"
"CCR_CDN2","tld.soa.refresh","CRConfig.json","28800"
"HOSTMON","tld.soa.refresh","CRConfig.json","28800"
"CCR_CDN2","tld.ttls.NS","CRConfig.json","3600"
"HOSTMON","tld.ttls.NS","CRConfig.json","3600"
"EDGE1_CDN2_520","trafficserver","chkconfig","0:off	1:off	2:on	3:on	4:on	5:on	6:off"
"EDGE1_CDN1_520","trafficserver","chkconfig","0:off	1:off	2:on	3:on	4:on	5:on	6:off"
"EDGE1_CDN2_520","CONFIG proxy.config.allocator.debug_filter","records.config","INT 0"
"EDGE1_CDN1_520","CONFIG proxy.config.allocator.debug_filter","records.config","INT 0"
"EDGE1_CDN2_520","CONFIG proxy.config.allocator.enable_reclaim","records.config","INT 0"
"EDGE1_CDN1_520","CONFIG proxy.config.allocator.enable_reclaim","records.config","INT 0"
"EDGE1_CDN2_520","CONFIG proxy.config.allocator.max_overage","records.config","INT 3"
"EDGE1_CDN1_520","CONFIG proxy.config.allocator.max_overage","records.config","INT 3"
"EDGE1_CDN2_520","CONFIG proxy.config.diags.show_location","records.config","INT 0"
"EDGE1_CDN1_520","CONFIG proxy.config.diags.show_location","records.config","INT 0"
"EDGE1_CDN2_520","CONFIG proxy.config.http.cache.allow_empty_doc","records.config","INT 0"
"EDGE1_CDN1_520","CONFIG proxy.config.http.cache.allow_empty_doc","records.config","INT 0"
"EDGE1_CDN2_520","LOCAL proxy.config.cache.interim.storage","records.config","STRING NULL"
"EDGE1_CDN1_520","LOCAL proxy.config.cache.interim.storage","records.config","STRING NULL"
"CCR_CDN2","tld.ttls.SOA","CRConfig.json","86400"
"HOSTMON","tld.ttls.SOA","CRConfig.json","86400"
"EDGE1_CDN2_520","regex_revalidate.so","plugin.config","--config regex_revalidate.config"
"EDGE1_CDN1_520","regex_revalidate.so","plugin.config","--config regex_revalidate.config"
"EDGE1_CDN2_520","location","regex_revalidate.config","/opt/trafficserver/etc/trafficserver"
"EDGE1_CDN1_520","location","regex_revalidate.config","/opt/trafficserver/etc/trafficserver"
"EDGE1_CDN2_520","remap_stats.so","plugin.config",""
"EDGE1_CDN1_520","remap_stats.so","plugin.config",""
"EDGE1_CDN2_520","CONFIG proxy.config.stack_dump_enabled","records.config","INT 1"
"EDGE1_CDN1_520","CONFIG proxy.config.stack_dump_enabled","records.config","INT 1"
"EDGE1_CDN2_520","location","drop_qstring.config","/opt/trafficserver/etc/trafficserver"
"EDGE1_CDN1_520","location","drop_qstring.config","/opt/trafficserver/etc/trafficserver"
"EDGE1_CDN2_520","CONFIG proxy.config.hostdb.ttl_mode","records.config","INT 0"
"EDGE1_CDN1_520","CONFIG proxy.config.hostdb.ttl_mode","records.config","INT 0"
"EDGE1_CDN2_520","CONFIG proxy.config.hostdb.serve_stale_for","records.config","INT 6"
"EDGE1_CDN1_520","CONFIG proxy.config.hostdb.serve_stale_for","records.config","INT 6"
"EDGE1_CDN2_520","CONFIG proxy.config.cache.enable_read_while_writer","records.config","INT 1"
"EDGE1_CDN1_520","CONFIG proxy.config.cache.enable_read_while_writer","records.config","INT 1"
"EDGE1_CDN2_520","CONFIG proxy.config.http.background_fill_active_timeout","records.config","INT 0"
"EDGE1_CDN1_520","CONFIG proxy.config.http.background_fill_active_timeout","records.config","INT 0"
"EDGE1_CDN2_520","CONFIG proxy.config.http.background_fill_completed_threshold","records.config","FLOAT 0.0"
"EDGE1_CDN1_520","CONFIG proxy.config.http.background_fill_completed_threshold","records.config","FLOAT 0.0"
"EDGE1_CDN2_520","CONFIG proxy.config.log.extended2_log_enabled","records.config","INT 0"
"EDGE1_CDN1_520","CONFIG proxy.config.log.extended2_log_enabled","records.config","INT 0"
"EDGE1_CDN2_520","CONFIG proxy.config.exec_thread.affinity","records.config","INT 1"
"EDGE1_CDN1_520","CONFIG proxy.config.exec_thread.affinity","records.config","INT 1"
"EDGE1_CDN2_520","CONFIG proxy.config.exec_thread.autoconfig","records.config","INT 0"
"EDGE1_CDN1_520","CONFIG proxy.config.exec_thread.autoconfig","records.config","INT 0"
"EDGE1_CDN2_520","CONFIG proxy.config.exec_thread.limit","records.config","INT 32"
"EDGE1_CDN1_520","CONFIG proxy.config.exec_thread.limit","records.config","INT 32"
"EDGE1_CDN2_520","CONFIG proxy.config.allocator.thread_freelist_size","records.config","INT 1024"
"EDGE1_CDN1_520","CONFIG proxy.config.allocator.thread_freelist_size","records.config","INT 1024"
"EDGE1_CDN2_520","CONFIG proxy.config.mlock_enabled","records.config","INT 2"
"EDGE1_CDN1_520","CONFIG proxy.config.mlock_enabled","records.config","INT 2"
"EDGE1_CDN2_520","LogFormat.Format","logs_xml.config","%<cqtq> chi=%<chi> phn=%<phn> shn=%<shn> url=%<cquuc> cqhm=%<cqhm> cqhv=%<cqhv> pssc=%<pssc> ttms=%<ttms> b=%<pscl> sssc=%<sssc> sscl=%<sscl> cfsc=%<cfsc> pfsc=%<pfsc> crc=%<crc> phr=%<phr> uas=\"%<{User-Agent}cqh>\""
"EDGE1_CDN1_520","LogFormat.Format","logs_xml.config","%<cqtq> chi=%<chi> phn=%<phn> shn=%<shn> url=%<cquuc> cqhm=%<cqhm> cqhv=%<cqhv> pssc=%<pssc> ttms=%<ttms> b=%<pscl> sssc=%<sssc> sscl=%<sscl> cfsc=%<cfsc> pfsc=%<pfsc> crc=%<crc> phr=%<phr> uas=\"%<{User-Agent}cqh>\""
"EDGE1_CDN2_520","LogFormat.Name","logs_xml.config","custom_ats_2"
"EDGE1_CDN1_520","LogFormat.Name","logs_xml.config","custom_ats_2"
"EDGE1_CDN2_520","LogObject.Format","logs_xml.config","custom_ats_2"
"EDGE1_CDN1_520","LogObject.Format","logs_xml.config","custom_ats_2"
"EDGE1_CDN2_520","LogObject.Filename","logs_xml.config","custom_ats_2"
"EDGE1_CDN1_520","LogObject.Filename","logs_xml.config","custom_ats_2"
"EDGE1_CDN2_520","CONFIG proxy.config.cache.ram_cache.size","records.config","INT 34359738368"
"EDGE1_CDN1_520","CONFIG proxy.config.cache.ram_cache.size","records.config","INT 34359738368"
"CCR_CDN1","api.port","server.xml","3333"
"CCR_CDN2","api.port","server.xml","3333"
"HOSTMON","api.port","server.xml","3333"
"EDGE1_CDN2_520","astats_over_http.so","plugin.config",""
"EDGE1_CDN1_520","astats_over_http.so","plugin.config",""
"EDGE1_CDN2_520","allow_ip","astats.config","127.0.0.1,10.10.10.10/16"
"EDGE1_CDN1_520","allow_ip","astats.config","127.0.0.1,10.10.10.10/16"
"EDGE1_CDN2_520","allow_ip6","astats.config","::1,d009:5dd:f0d8:18d::2/64"
"EDGE1_CDN1_520","allow_ip6","astats.config","::1,d009:5dd:f0d8:18d::2/64"
"EDGE1_CDN1_520","record_types","astats.config","144"
"EDGE1_CDN2_520","location","astats.config","/opt/trafficserver/etc/trafficserver"
"EDGE1_CDN1_520","location","astats.config","/opt/trafficserver/etc/trafficserver"
"EDGE1_CDN2_520","path","astats.config","_astats"
"EDGE1_CDN1_520","path","astats.config","_astats"
"EDGE1_CDN2_520","CONFIG proxy.config.cache.http.compatibility.4-2-0-fixup","records.config","INT 0"
"EDGE1_CDN1_520","CONFIG proxy.config.cache.http.compatibility.4-2-0-fixup","records.config","INT 0"
"EDGE1_CDN2_520","location","hdr_rw_mlb-live-http.config","/opt/trafficserver/etc/trafficserver"
"EDGE1_CDN2_520","location","hdr_rw_mlb-live-dns.config","/opt/trafficserver/etc/trafficserver"
"EDGE1_CDN2_520","location","hdr_rw_xfinity-home.config","/opt/trafficserver/etc/trafficserver"
"EDGE1_CDN2_520","algorithm","parent.config","consistent_hash"
"EDGE1_CDN1_520","algorithm","parent.config","consistent_hash"
"REDIS_ALL","DsStats","redis.config","kbps"
"REDIS_ALL","DsStats","redis.config","tps_2xx"
"REDIS_ALL","DsStats","redis.config","status_3xx"
"REDIS_ALL","DsStats","redis.config","status_4xx"
"REDIS_ALL","DsStats","redis.config","status_5xx"
"REDIS_ALL","CacheStats","redis.config","bandwidth"
"REDIS_ALL","CacheStats","redis.config","maxKbps"
"REDIS_ALL","CacheStats","redis.config","ats.proxy.process.http.current_client_connections"
"EDGE1_CDN2_520","maxRevalDurationDays","regex_revalidate.config","90"
"EDGE1_CDN1_520","maxRevalDurationDays","regex_revalidate.config","90"
"GLOBAL","tm.instance_name","global","Kabletown CDN"
"EDGE1_CDN2_520","CONFIG proxy.config.cache.ram_cache_cutoff","records.config","INT 0"
"EDGE1_CDN1_520","CONFIG proxy.config.cache.ram_cache_cutoff","records.config","INT 268435456"
"REDIS_ALL","DsStats","redis.config","tps_3xx"
"REDIS_ALL","DsStats","redis.config","tps_4xx"
"REDIS_ALL","DsStats","redis.config","tps_5xx"
"REDIS_ALL","DsStats","redis.config","tps_total"
"EDGE1_CDN2_520","CONFIG proxy.config.ssl.server.cipher_suite","records.config","STRING ECDHE-RSA-AES128-GCM-SHA256:ECDHE-RSA-AES256-GCM-SHA384:ECDHE-RSA-AES128-SHA256:ECDHE-RSA-AES256-SHA384:AES128-GCM-SHA256:AES256-GCM-SHA384:ECDHE-RSA-RC4-SHA:ECDHE-RSA-AES128-SHA:ECDHE-RSA-AES256-SHA:RC4-SHA:RC4-MD5:AES128-SHA:AES256-SHA:DES-CBC3-SHA!SRP:!DSS:!PSK:!aNULL:!eNULL:!SSLv2"
"EDGE1_CDN1_520","CONFIG proxy.config.ssl.server.cipher_suite","records.config","STRING ECDHE-RSA-AES128-GCM-SHA256:ECDHE-RSA-AES256-GCM-SHA384:ECDHE-RSA-AES128-SHA256:ECDHE-RSA-AES256-SHA384:AES128-GCM-SHA256:AES256-GCM-SHA384:ECDHE-RSA-RC4-SHA:ECDHE-RSA-AES128-SHA:ECDHE-RSA-AES256-SHA:RC4-SHA:RC4-MD5:AES128-SHA:AES256-SHA:DES-CBC3-SHA!SRP:!DSS:!PSK:!aNULL:!eNULL:!SSLv2"
"EDGE1_CDN2_520","CONFIG proxy.config.ssl.server.honor_cipher_order","records.config","INT 1"
"EDGE1_CDN1_520","CONFIG proxy.config.ssl.server.honor_cipher_order","records.config","INT 1"
"EDGE1_CDN2_520","CONFIG proxy.config.ssl.server.cert.path","records.config","STRING etc/trafficserver/ssl"
"EDGE1_CDN1_520","CONFIG proxy.config.ssl.server.cert.path","records.config","STRING etc/trafficserver/ssl"
"EDGE1_CDN2_520","CONFIG proxy.config.http.server_ports","records.config","STRING 80 80:ipv6 443:ssl 443:ipv6:ssl"
"EDGE1_CDN2_520","CONFIG proxy.config.ssl.server.private_key.path","records.config","STRING etc/trafficserver/ssl"
"EDGE1_CDN1_520","CONFIG proxy.config.ssl.server.private_key.path","records.config","STRING etc/trafficserver/ssl"
"EDGE1_CDN2_520","CONFIG proxy.config.ssl.client.CA.cert.path","records.config","STRING etc/trafficserver/ssl"
"EDGE1_CDN1_520","CONFIG proxy.config.ssl.client.CA.cert.path","records.config","STRING etc/trafficserver/ssl"
"EDGE1_CDN2_520","CONFIG proxy.config.ssl.client.private_key.path","records.config","STRING etc/trafficserver/ssl"
"EDGE1_CDN1_520","CONFIG proxy.config.ssl.client.private_key.path","records.config","STRING etc/trafficserver/ssl"
"EDGE1_CDN2_520","CONFIG proxy.config.ssl.client.cert.path","records.config","STRING etc/trafficserver/ssl"
"EDGE1_CDN1_520","CONFIG proxy.config.ssl.client.cert.path","records.config","STRING etc/trafficserver/ssl"
"EDGE1_CDN2_520","CONFIG proxy.config.ssl.CA.cert.path","records.config","STRING etc/trafficserver/ssl"
"EDGE1_CDN1_520","CONFIG proxy.config.ssl.CA.cert.path","records.config","STRING etc/trafficserver/ssl"
"EDGE1_CDN2_520","CONFIG proxy.config.ssl.SSLv3","records.config","INT 0"
"EDGE1_CDN1_520","CONFIG proxy.config.ssl.SSLv3","records.config","INT 0"
"EDGE1_CDN2_520","CONFIG proxy.config.ssl.server.multicert.filename","records.config","STRING ssl_multicert.config"
"EDGE1_CDN1_520","CONFIG proxy.config.ssl.server.multicert.filename","records.config","STRING ssl_multicert.config"
"EDGE1_CDN2_520","location","hdr_rw_freewheel-dns.config","/opt/trafficserver/etc/trafficserver"
"EDGE1_CDN2_520","astats_over_http","package","1.2-8.el6.x86_64"
"EDGE1_CDN1_520","astats_over_http","package","1.2-8.el6.x86_64"
"EDGE1_CDN2_520","trafficserver","package","5.2.0-5807.d0a1296.el6.x86_64"
"EDGE1_CDN1_520","trafficserver","package","5.2.0-5807.d0a1296.el6.x86_64"
"EDGE1_CDN2_520","CONFIG proxy.config.allocator.hugepages","records.config","INT 0"
"EDGE1_CDN1_520","CONFIG proxy.config.allocator.hugepages","records.config","INT 0"
"EDGE1_CDN2_520","CONFIG proxy.config.http.negative_caching_enabled","records.config","INT 1"
"EDGE1_CDN1_520","CONFIG proxy.config.http.negative_caching_enabled","records.config","INT 1"
"EDGE1_CDN2_520","record_types","astats.config","122"
"EDGE1_CDN1_520","record_types","astats.config","122"
"EDGE1_CDN2_520","CONFIG proxy.config.body_factory.enable_customizations","records.config","INT 1"
"EDGE1_CDN1_520","CONFIG proxy.config.body_factory.enable_customizations","records.config","INT 1"
"EDGE1_CDN2_520","CONFIG proxy.config.http.negative_caching_lifetime","records.config","INT 1"
"EDGE1_CDN1_520","CONFIG proxy.config.http.negative_caching_lifetime","records.config","INT 1"
"EDGE1_CDN2_520","cron_ort_syncds","traffic_ops_ort_syncds.cron","*/15 * * * * root /opt/ort/traffic_ops_ort.pl syncds warn https://traffic-ops.kabletown.net admin:12M0nk3y$ > /tmp/ort/syncds.log 2>&1"
"EDGE1_CDN1_520","cron_ort_syncds","traffic_ops_ort_syncds.cron","*/15 * * * * root /opt/ort/traffic_ops_ort.pl syncds warn https://traffic-ops.kabletown.net admin:12M0nk3y$ > /tmp/ort/syncds.log 2>&1"
"EDGE1_CDN2_520","location","traffic_ops_ort_syncds.cron","/etc/cron.d"
"EDGE1_CDN1_520","location","traffic_ops_ort_syncds.cron","/etc/cron.d"
"GLOBAL","tm.traffic_mon_fwd_proxy","global","http://traffic-ops.kabletown.net:81"
"EDGE1_CDN2_520","CONFIG proxy.config.body_factory.template_sets_dir","records.config","STRING etc/trafficserver/body_factory"
"EDGE1_CDN1_520","CONFIG proxy.config.body_factory.template_sets_dir","records.config","STRING etc/trafficserver/body_factory"
"CCR_CDN1","api.cache-control.max-age","CRConfig.json","10"
"CCR_CDN2","api.cache-control.max-age","CRConfig.json","10"
"EDGE1_CDN2_520","location","set_dscp_0.config","/opt/trafficserver/etc/trafficserver/dscp"
"EDGE1_CDN1_520","location","set_dscp_0.config","/opt/trafficserver/etc/trafficserver/dscp"
"EDGE1_CDN2_520","location","set_dscp_10.config","/opt/trafficserver/etc/trafficserver/dscp"
"EDGE1_CDN1_520","location","set_dscp_10.config","/opt/trafficserver/etc/trafficserver/dscp"
"EDGE1_CDN2_520","location","set_dscp_12.config","/opt/trafficserver/etc/trafficserver/dscp"
"EDGE1_CDN1_520","location","set_dscp_12.config","/opt/trafficserver/etc/trafficserver/dscp"
"EDGE1_CDN2_520","location","set_dscp_14.config","/opt/trafficserver/etc/trafficserver/dscp"
"EDGE1_CDN1_520","location","set_dscp_14.config","/opt/trafficserver/etc/trafficserver/dscp"
"EDGE1_CDN2_520","location","set_dscp_18.config","/opt/trafficserver/etc/trafficserver/dscp"
"EDGE1_CDN1_520","location","set_dscp_18.config","/opt/trafficserver/etc/trafficserver/dscp"
"EDGE1_CDN2_520","location","set_dscp_20.config","/opt/trafficserver/etc/trafficserver/dscp"
"EDGE1_CDN1_520","location","set_dscp_20.config","/opt/trafficserver/etc/trafficserver/dscp"
"EDGE1_CDN2_520","location","set_dscp_22.config","/opt/trafficserver/etc/trafficserver/dscp"
"EDGE1_CDN1_520","location","set_dscp_22.config","/opt/trafficserver/etc/trafficserver/dscp"
"EDGE1_CDN2_520","location","set_dscp_26.config","/opt/trafficserver/etc/trafficserver/dscp"
"EDGE1_CDN1_520","location","set_dscp_26.config","/opt/trafficserver/etc/trafficserver/dscp"
"EDGE1_CDN2_520","location","set_dscp_28.config","/opt/trafficserver/etc/trafficserver/dscp"
"EDGE1_CDN1_520","location","set_dscp_28.config","/opt/trafficserver/etc/trafficserver/dscp"
"EDGE1_CDN2_520","location","set_dscp_30.config","/opt/trafficserver/etc/trafficserver/dscp"
"EDGE1_CDN1_520","location","set_dscp_30.config","/opt/trafficserver/etc/trafficserver/dscp"
"EDGE1_CDN2_520","location","set_dscp_34.config","/opt/trafficserver/etc/trafficserver/dscp"
"EDGE1_CDN1_520","location","set_dscp_34.config","/opt/trafficserver/etc/trafficserver/dscp"
"EDGE1_CDN2_520","location","set_dscp_36.config","/opt/trafficserver/etc/trafficserver/dscp"
"EDGE1_CDN1_520","location","set_dscp_36.config","/opt/trafficserver/etc/trafficserver/dscp"
"EDGE1_CDN2_520","location","set_dscp_38.config","/opt/trafficserver/etc/trafficserver/dscp"
"EDGE1_CDN1_520","location","set_dscp_38.config","/opt/trafficserver/etc/trafficserver/dscp"
"EDGE1_CDN2_520","location","set_dscp_8.config","/opt/trafficserver/etc/trafficserver/dscp"
"EDGE1_CDN1_520","location","set_dscp_8.config","/opt/trafficserver/etc/trafficserver/dscp"
"EDGE1_CDN2_520","location","set_dscp_16.config","/opt/trafficserver/etc/trafficserver/dscp"
"EDGE1_CDN1_520","location","set_dscp_16.config","/opt/trafficserver/etc/trafficserver/dscp"
"EDGE1_CDN2_520","location","set_dscp_24.config","/opt/trafficserver/etc/trafficserver/dscp"
"EDGE1_CDN1_520","location","set_dscp_24.config","/opt/trafficserver/etc/trafficserver/dscp"
"EDGE1_CDN2_520","location","set_dscp_32.config","/opt/trafficserver/etc/trafficserver/dscp"
"EDGE1_CDN1_520","location","set_dscp_32.config","/opt/trafficserver/etc/trafficserver/dscp"
"EDGE1_CDN2_520","location","set_dscp_40.config","/opt/trafficserver/etc/trafficserver/dscp"
"EDGE1_CDN1_520","location","set_dscp_40.config","/opt/trafficserver/etc/trafficserver/dscp"
"EDGE1_CDN2_520","location","set_dscp_48.config","/opt/trafficserver/etc/trafficserver/dscp"
"EDGE1_CDN1_520","location","set_dscp_48.config","/opt/trafficserver/etc/trafficserver/dscp"
"EDGE1_CDN2_520","location","set_dscp_56.config","/opt/trafficserver/etc/trafficserver/dscp"
"EDGE1_CDN1_520","location","set_dscp_56.config","/opt/trafficserver/etc/trafficserver/dscp"
"EDGE1_CDN1_520","location","8080_fwd.config","/opt/trafficserver/etc/trafficserver"
"EDGE1_CDN1_520","line1","8080_fwd.config","cond %{READ_REQUEST_HDR_HOOK}"
"EDGE1_CDN1_520","line2","8080_fwd.config","cond %{INCOMING-PORT} =8080"
"EDGE1_CDN1_520","line3","8080_fwd.config","skip-remap true"
"EDGE1_CDN1_520","header_rewrite.so","plugin.config","/opt/trafficserver/etc/trafficserver/8080_fwd.config"
"EDGE1_CDN1_520","CONFIG proxy.config.http.server_ports","records.config","STRING 80 80:ipv6 443:ssl 443:ipv6:ssl 8080 8080:ipv6"
"EDGE1_CDN2_520","location","hdr_rw_kinx-prog.config","/opt/trafficserver/etc/trafficserver"
"EDGE1_CDN2_520","location","ssl_multicert.config","/opt/trafficserver/etc/trafficserver"
"EDGE1_CDN1_520","location","ssl_multicert.config","/opt/trafficserver/etc/trafficserver"
"EDGE1_CDN2_520","location","bg_fetch.config","/opt/trafficserver/etc/trafficserver"
"EDGE1_CDN1_520","location","bg_fetch.config","/opt/trafficserver/etc/trafficserver"
"EDGE1_CDN2_520","qstring","parent.config","ignore"
"EDGE1_CDN1_520","qstring","parent.config","ignore"
"GLOBAL","geolocation.polling.url","CRConfig.json","http://cdn-tools.cdnl.kabletown.net/cdn/MaxMind/GeoLiteCity.dat.gz"
"GLOBAL","geolocation6.polling.url","CRConfig.json","http://cdn-tools.cdnl.kabletown.net/cdn/MaxMind/GeoLiteCityv6.dat.gz"
"EDGE1_CDN2_520","location","hdr_rw_xb-dlassets.config","/opt/trafficserver/etc/trafficserver"
"TRAFFIC_STATS","CacheStats","traffic_stats.config","bandwidth"
"TRAFFIC_STATS","CacheStats","traffic_stats.config","maxKbps"
"TRAFFIC_STATS","CacheStats","traffic_stats.config","ats.proxy.process.http.current_client_connections"
"TRAFFIC_STATS","DsStats","traffic_stats.config","kbps"
"TRAFFIC_STATS","DsStats","traffic_stats.config","tps_2xx"
"TRAFFIC_STATS","DsStats","traffic_stats.config","status_4xx"
"TRAFFIC_STATS","DsStats","traffic_stats.config","status_5xx"
"TRAFFIC_STATS","DsStats","traffic_stats.config","tps_3xx"
"TRAFFIC_STATS","DsStats","traffic_stats.config","tps_4xx"
"TRAFFIC_STATS","DsStats","traffic_stats.config","tps_5xx"
"TRAFFIC_STATS","DsStats","traffic_stats.config","tps_total"
"EDGE1_CDN2_520","location","ssl_multicert.config","/opt/trafficserver/etc/trafficserver"
"EDGE1_CDN1_520","location","ssl_multicert.config","/opt/trafficserver/etc/trafficserver"
"EDGE1_CDN2_520","location","bg_fetch.config","/opt/trafficserver/etc/trafficserver"
"EDGE1_CDN1_520","location","bg_fetch.config","/opt/trafficserver/etc/trafficserver"
"EDGE1_CDN2_520","qstring","parent.config","ignore"
"EDGE1_CDN1_520","qstring","parent.config","ignore"
"EDGE1_CDN2_520","location","ssl_multicert.config","/opt/trafficserver/etc/trafficserver"
"EDGE1_CDN1_520","location","ssl_multicert.config","/opt/trafficserver/etc/trafficserver"
"EDGE1_CDN2_520","location","bg_fetch.config","/opt/trafficserver/etc/trafficserver"
"EDGE1_CDN1_520","location","bg_fetch.config","/opt/trafficserver/etc/trafficserver"
"EDGE1_CDN2_520","qstring","parent.config","ignore"
"EDGE1_CDN1_520","qstring","parent.config","ignore"
